,review,rating
0,Nejlepší hodinky pro běžné užívání,100
1,Vetsi display nez predchozi model,100
2,"Pěkné hodinky
",100
3,"nemajú chybu, spĺňajú všetko čo som od nich očakával",100
4,hodinky splnili očekávání.,100
5,Jsem spokojna,100
6,"zatím je mám krátce, ale fungují skvěle",80
7,Jsou skvělý,100
8,"Doporučuji, iOS",100
9,Velký displej. Hned spojeno s mobilem.,100
10,"Hodinky používám denně, zatím naprostá spokojenost. Ovládání je rychlé, propojení s iPhonem funguje skvěle. Design je elegantní a působí velmi prémiově. Výdrž baterie je možná trochu kratší, ale je možné, že se to ještě upraví podle používání.",100
11,"Přecházel jsem z APPLE Watch SE 44mm 1.generace. Takže pro mě to byl hodně velký skok. Vše na co jsem zvyklý a největší rozdíl je pro mě v displeji a ten v kombinaci s tenkým tělem hodinek vypadá hodně dobře. Navíc má krásný jas na přímém slunci a pozorovací úhly jsou taktéž velice dobré. Výdrž baterie je více jak jeden den, ale neřeším to, protože než se oholím a dám sprchu, tak jsou hodinky, vzhledem k rychlému nabíjení, zcela nabité. Varianta Jet black byla k mému černě titanovému iPhonu jasná volba, ale s tím přichází i fakt, že člověk musí holt dávat větší pozor, protože každý škrábanec zde půjde hodně vidět.",100
12,Podle očekávání OK,100
13,"Bez esim, bývali bychom koupili jiné, kdyby na to prodejce upozornil.",80
14,"Na mensi predlokti doporucuji 42mm…i na malem predlokti vypadaji skvele a zaroven je display dostatecne velky na vse, co potrebujete",100
15,"Hodinky jsou super ale kdybych věděl, že je nelze nechat opravit tak abych neztratil záruku a zároveň měl jistotu, že zůstanou vodotěsné tak do toho nejdu. Oprava stojí cca 9500,-",100
16,"Supr, měl jsem šestky, ale tyto jsou o 100% lepší",100
17,"Ačkoliv výdrž baterie je o něco lepší než u Series 6, od desáté generace bych očekávala větší skok kupředu – stále je nutné nabíjet každý den. Také mě mrzí omezené možnosti výběru řemínků při nákupu mimo oficiální Apple Store, což ztěžuje personalizaci podle vlastního vkusu.",100
18,Koupeno rozbalené..,40
19,Super,100
20,požívám zatím chvíli ale jsem spokojený,100
21,"Přecházela jsem ze stařičkých trojek a nelituji. Hodinky splňují vše, co se od nich očekává. I baterie si o dost polepšila, s rychlonabíjením je nošení mnohem příjemnější.",100
22,"S hodinkami jsem nadšená. Naprosto splnily ,co jsem očekávala. Jen mladý muž při předávání mě ,,nepřesvědčil “o prodloužení záruky a nakonec mi řekl, že nepůjdou opravit a za dva roky je stejně vyhodím do koše. Výrobce by asi nesouhlasil.",100
23,"Váhal jsem mezi Garmin nebo Apple. Rozhodla lepší kompatibilita s Apple produkty, modernizace oproti 7, a cena.",100
24,Dobre recenze. Funguji dobre.,100
25,"Přecházel jsem po 4 letech ze SE první generace. Velký technologický skok, ale funkce hodinek jsou synchronizovány včetně ciferníků, takže o nic nepříjdete. Vždycky jsem se koukal spíš po Ultra, ale za tu cenu tam nevidím přidanou hodnotu. Měl jsem dokonce SE s cellular a tuto funkcionalitu zpětně pokládám za zbytečnou, úplně postačí GPS verze.",100
26,jinak běží skvěle,100
27,Nejlepší volba pro I-Phone,100
28,"Hodinky jsou skvělé, mám je necelý půlrok a jsem velmi spokojená se vším, co nabízejí. Fungují dobře, hezky pracují s Iphonem, jsem spokojená.

Jistou nevýhodou je vyšší pořizovací cena, ale to tak prostě u Apple je. Počítám s tím a nelituju.",100
29,"po předešlých zkušenostech s hlinikovými hodinkami 3, SE a 7, jsem se rozhodla plácnout přes kapsu a vzít titanové se safírovým sklem, protože ty základní se okamžitě odrbou a vypadají otřesně. Opravdu doufám že to nebyly vyhozené peníze. Safír mám na jinch hodinkách a je opravdu nemožné ho poškrábat. A přírodní titan lze zase rozleštit oděrky (pozor nefunguje u zlaté a břidlicové) vypadají opravdu skvostně",100
30,"Hodinky mám krátce, v porovnani s Garmin 7S baterie uplně nulová a sklo to samé. Na druhou stranu mají hodinky krásný displej, jednoduché ovládání a vzhledem k tomu, že vlastním mobilní telefon i sluchátka od Apple, vše společně krásně funguje. Doufám, že přechodu od Garmin nebudu litovat.",80
31,"Pěkné barevné provedení hodinek s mnoha funkcema a  cenou ne zrovna malou, ale u tohoto výrobce není nic levné. Spárování s mobilem je rychlé a bezproblémové.Pro malou ruku je na zvážení velikost displeje(42-46mm záleží na prioritách).",100
32,Větší displej,100
33,"Kvalitní provedení, rychlost.",100
34,"Koupeno jako doplnek k uktra watch pro bezne noseni, spokojenost, jen je nutne si zvyknout na “mene” funkci",100
35,Funkčně pecka odolnostně tragédie.... Nerozumím kde se poškrábalo sklo ...,40
36,jinak musím říct že hodinky dělají vše co mají hlídají za vás ritmus cvičení i všechno co jste si navolili,100
37,Nic,100
38,Přechod z AW6.,100
39,"Musím dát 5 hvězd byť mám pár výhrad, které jsou podle mě zanedbatelné, ale je důležité je zmínit pro ty co si rozmýšlejí koupi. Reálně se podle mě na hodinkách toho nedá dělat tolik, ale stále je nutné je brát jako prodlouženou ruku iPhonu (notifikace, čas, apple pay, minutka atd..) a jako fitness náramek v jednom.
Mě to reálně motivuje se více hýbat díky záznamu cvičení a gps trackingu a to je pro mě to nejdůležitější.
Další benefit je ten, že konečně s nimi mohu klidně spát, což mi nebylo vůbec příjemné s mými starými ''pětkami''.",100
40,"Prostě Apple, není co dodat, už několikáté hodinky a naprostá spokojenost !!!",100
41,"Máme je krátce a poprvé, takže na celkové hodnocení je brzy. Ale zatím spokojenost",100
42,"Přešel jsem s hodinek s 44mm. Baterie vydrží celý den s rezervou (nabití na 100% před spaním a celodenní používání s vypnutým always-on displayem včetně cvičení s GPS, zůstává rezerva přes 40%)",100
43,"Měl jsem apple watch 6 a byly super, ale po koupi watch 10 je to něco jiného. Velký displek a na něm vše čtu bez brýlí. Zapomněl jsem zmínit že špatně vidím.",100
44,"Celkově velmi pozitivní hodnocení z mé strany, osobně jsem přešel ze Series 3, tudíž je téměř naprosto všechno mnohonásobně lepší, vyladěnější a rychlejší. Podpora od Applu bude dlouhá, cenovka by mohla být možná trochu nižší, nicméně když se to rozpočítá do následujícíh pár let, je to vlastně v pohodě. Klasické hodinky jsou kolikrát mnohonásobně dražší a ukazují pouze čas, s tímto zařízením můžete dělat spoustu věcí a sladíte to i k společenštějším aktivitám (divadlo, etc.) skrze obrovský výběr ciferníků a řemínků. Mohu vřele doporučit všem uživatelům iPhonů / Apple zařízení. PS: na obrázku je porovnání Series 3 42mm VS Series 10 42mm😁",100
45,"Upgrade ze series 9 ci 8 se asi nevyplati pokud nejste potapec či plavec... Já prechazel z SE a je to fakt uzasny rozdil :) hodinky vás mile prekvapi a urcite bych nad nima nevahal kdybych se rozhodoval mezi series 9 a 10 , urcite si vyberu s10. Za ""pouze"" 12 tisíc vám dají asi to co od nich čekate. Paradni je i vylepsena aplikace EKG, okysliceni krve atd.",80
46,Výdrž batérie sa uvádza 18hodin pri bežnom používani pri šetriacom režime je 36hodin. Mne pri bežnom používani vydržia 40hodin bez zapnutia šetriacej funkcie,100
47,Kompatibilne Esim pre tieto hodinky na Slovensku ponuka 2 operatory vylucne pre pausalne baliky. V prípade ak je vybity Iphone na hodikach neviete prijat hovory. LTE funguje ako zrkadlo pre SIM ktora aktivna na Iphone. Nevidim zmysel tejto funkcionality.,60
48,"Hodinky sú samo o sebe super je to vlastne skôr doplnok . EKG , kontrola spánku , tlak atd. super funkcie ktoré fungujú ale stále sú to len hodinky ktoré su neuveriteľne predražené a podla môjho názoru sa neoplatí za ne dávať okolo 500€ . Pokiaľ človek chce rovnaké funkcie je lepšia 9 ktorá stojí v rozbalenom stave o 200€ menej.",80
49,"Hodinky sa poskriabali hned v prvy den a to beznym uzivanim. Nechcem si predstavit, ako by dopadli pri sportovej aktivite. Na to v akej cenovej kategorii sa pohybujeme, a aky hype je okolo samotneho produktu, je smutne, ze vyrobca pouziva tak nekvalitne sklicko. O baterii sa nebudem ani vyjadrovat. Hodinky za desatinu obstaravacej ceny vydrzia 7-10x dlhsie. Jedina vyhoda je operacny system watchOS a integracia do apple ekosystemu.",40
50,Dodanie bolo predlzene o mesiac neskor aj ste slubili kompenzaciu a zase nic . Takze aspon by ste nemali nic slubovat inac pani v telefone velmi ochotna a slusna :),60
51,"to ze maju hodinky slabu vydrz na bateriu som vedel uz pred kupou a prekusol som to. myslel som ze to bude jedina vec, ktoru bude treba ""prezit"". mylil som sa. pocas sportovania bez mobilu nemam k dispozicii mapu, workout profil je takmer needitovatelny. Platim si za youtube music, bohuzial offline na apple watch toto nepojde. nebudem platit este aj apple music ked youtube vyuzivam ovela castejsie. Audioknihy sa na slovensku cez apple books neda kupit, cize sa oficialne neda pocivat knihy offline. iba cez apliakcie tretich stran a skoro vsetky su spoplatnene mesacne alebo na to treba ist strasne zlozito. Apple podporuje hlavne svoje produkty, lenze na slovensku nie je vsetko k dispozicii. vo forach to riesi dost ludi, na vsetko co nie je priamo od applu treba hladat rozne polo funkcne obchadzky. toto ma nebavi. kopu casu som stravil recenziami ale clovek na vela veci pride az ked to vyskusa. takze hodinky budem vracat. u mna velka nespokojnost. vraciam sa naspat ku garminu. kto potrebuje dialkovy ovladac ku iphonu, ten bude asi spokojny",40
52,Píše sa síce že výdrž batérie je len 18 hodín ale je to za predpokladu že človek robí nejakú fyzickú aktivitu a počúva cez ne hudbu atď. Reálne mám skúsené na nabitie cca 52 hodín pri bežnom dni a sedavej robote. Je tam ešte aj viac nadstavení ktoré výdrž môžu predĺžiť ako napríklad režim nízkej spotreby.,100
53,Vetsi obrazovka znamena lepsi rychly nahled,100
54,Super,100
55,Jas displeje na slunci,100
56,Apple Watch ma sprevádzajú už niekoľko generácii. Hodinky perfektne fungujú s iPhone a ich funkcie plnohodnotne spĺňajú všetko čo potrebujem,100
57,design,100
58,"Na internetu se psalo, že hodinky nemají měření saturace krvinek kyslíkem v krvi, ale má. Baterie zatím drží téměř 2 dny, což je super.",100
59,Prodloužená ruka telefonu,80
60,"Přesně sedí na ruce, trošku náročné na ovládání,",100
61,vzhled,100
62,Tenčí a větší display,100
63,Pořád nejlepší chytré hodinky pro iPhone,100
64,Nový štíhlejší design s větším displayem lépe padne na ruku,100
65,Jako dlouholetý uživatel Apple hodnotím kladně,100
66,Delší vydrž baterie než u starších modelu,80
67,Je to proste Apple,100
68,Výdrž batérie,100
69,watchOS,40
70,Velky displej,100
71,"super, kto má jablko",100
72,"Nemusím pořád tahat mobil z kapsy, abych se podíval kolik je hodin.",100
73,Hodiny fungují bez problemů,60
74,Na baterce vydrží jeden den.,100
75,Apple,100
76,"Dobře vypadají,fungují jak mají.",100
77,"jsem spokojena, jsou to již druhé Apple Watch, předešlé SE, spokojenost",100
78,Povedený kousek elektroniky..nezbytná součást k produktům od Applu.. maximální spokojenost.. určitě doporučuji..,100
79,jasná kvalita a zpracování,80
80,vše ok,100
81,"Nechal jsem aplikovat ochrannou fólii, a hrůza druhý den se odlepila , takových lidi víc , co neumí udělat svou práci pořádně",20
82,super kvalita od  ,100
83,Hodinky super,100
84,"Velmi pěkné, kvalitní hodinky",100
85,Titanové tělo je lehké a zároveň pevné,100
86,Dárek pro syna a ten je z hodinek nadšený,100
87,Lepší než serie 8,80
88,Kvalita,100
89,Hodinky peckovni.,100
90,Skvěle sedí pro ženy a děti,100
91,Oprava v autorizovaném servisu stojí stejně jako nové hodinky.,100
92,funguje dle očekávání,100
93,Vše funguje jak má,100
94,snadné ovládání ,100
95,"Nemusím pořád tahat mobil z kapsy, abych se podíval kolik je hodin.",100
96,Hodiny fungují bez problemů,60
97,jasná kvalita a zpracování,80
98,super kvalita od  ,100
99,Hodinky super,100
100,Kvalita,100
101,Hodinky peckovni.,100
102,funguje dle očekávání,100
103,Nosim pořád,80
104,"Snadnější přístup k základním informacím - komunikace, počasí, upozornění atd...",100
105,Prostě apple,100
106,Zatím čekám až se předchozí majitel uráčí smazat svoje Apple ID,40
107,Ekosystém Apple,100
108,S hodinky jsem nadmíru spokojený,100
109,Hezký design,80
110,Velmi pozitivně mě překvapila možnost přehrávat muziku přímo z hodinek a nahlas!!!,100
111,Apple produkt,100
112,"Naprosto neodolné, sklíčko je totální šrot.... poškrábalo se ani nevím jak, budu reklamovat za tu cenu se to nemůže poškrábat ze vzduchu ... sorry jako",40
113,"Ovládání, rychlost odezvy",100
114,při normálním užití výdrž baterie 48 hodin,100
115,ideální velikost na ruce,100
116,super Apple hodinky k super telefonu Apple iPhone 16 Pro Max telefonu,100
117,Velký dispej,100
118,Vzhľad úplna topka,80
119,"Da sa to sparovať iba s IOS 18!!!!!!!!! Az po update 18.2 , sa na iphonoch vybija rychlo baterka. hodinky vratene.",20
120,vsetko mozne co pisali ostatni ale bohuzial pre mna nedostatocne,40
121,Som s hodinkami spokojna,80
122,meranie teploty vody,100
123,Expresne rýchle doručenie,100
124,Na baterce vydrží jeden den.,100
125,Apple,100
126,"Dobře vypadají,fungují jak mají.",100
127,"jsem spokojena, jsou to již druhé Apple Watch, předešlé SE, spokojenost",100
128,Vetsi obrazovka znamena lepsi rychly nahled,100
129,Povedený kousek elektroniky..nezbytná součást k produktům od Applu.. maximální spokojenost.. určitě doporučuji..,100
130,Hodinky jsou velmi dobře zpravované.,100
131,Černé piano mnohem lepší než mat,100
132,"je to fajn, prešiel som z watch 5, je to urcity rozdiel, hoci primarne pouzivam tieto hodinky predovsetkym na pohodlne platenie, kedze furt zabudam penazenku a kartu...",60
133,rýchlosť,100
134,"Nemusím pořád tahat mobil z kapsy, abych se podíval kolik je hodin.",100
135,Hodiny fungují bez problemů,60
136,Na baterce vydrží jeden den.,100
137,Apple,100
138,"Dobře vypadají,fungují jak mají.",100
139,"jsem spokojena, jsou to již druhé Apple Watch, předešlé SE, spokojenost",100
140,Vetsi obrazovka znamena lepsi rychly nahled,100
141,Povedený kousek elektroniky..nezbytná součást k produktům od Applu.. maximální spokojenost.. určitě doporučuji..,100
142,jasná kvalita a zpracování,80
143,Super,100
144,vše ok,100
145,"Nechal jsem aplikovat ochrannou fólii, a hrůza druhý den se odlepila , takových lidi víc , co neumí udělat svou práci pořádně",20
146,super kvalita od  ,100
147,Hodinky super,100
148,"Velmi pěkné, kvalitní hodinky",100
149,Titanové tělo je lehké a zároveň pevné,100
150,Dárek pro syna a ten je z hodinek nadšený,100
151,Lepší než serie 8,80
152,Kvalita,100
153,Jas displeje na slunci,100
154,Hodinky peckovni.,100
155,Skvěle sedí pro ženy a děti,100
156,Apple Watch ma sprevádzajú už niekoľko generácii. Hodinky perfektne fungujú s iPhone a ich funkcie plnohodnotne spĺňajú všetko čo potrebujem,100
157,Oprava v autorizovaném servisu stojí stejně jako nové hodinky.,100
158,funguje dle očekávání,100
159,Vše funguje jak má,100
160,snadné ovládání ,100
161,Prijemne na noseni super design,100
162,Spokojenost,100
163,Přítelkyně je happy,100
164,Splňuje všechna očekávání.,100
165,Super,100
166,Slabá výdrž batérie,100
167,"Přechod ze starších Apple Watch Series 6 na novou desítku nepřináší revoluci, ale několik drobných vylepšení, která ve výsledku potěší. Mezi hlavní výhody patří výrazně lepší displej – je jasnější a mnohem lépe čitelný i na přímém slunci, což je fajn zejména při sportu nebo běžném pohybu venku. Hodinky také působí na ruce příjemněji, jsou lehčí a ergonomicky lépe padnou. Oceňuji i mírně delší výdrž baterie, která bez problémů zvládne celý den aktivního používání. Celkový výkon je spolehlivý a plynulý – systém funguje bez záseků a senzory reagují přesně. Tradičně vysoká kvalita zpracování a prémiové materiály.",100
168,Nosim pořád,80
169,Presně podle očekávání a rychlé dodání,100
170,"Snadnější přístup k základním informacím - komunikace, počasí, upozornění atd...",100
171,"Nechal jsem aplikovat ochrannou fólii, a hrůza druhý den se odlepila , takových lidi víc , co neumí udělat svou práci pořádně",20
172,"Hezčí, větší, rychlejší",100
173,Perfektní,100
174,Uživatelské prostředí,80
175,Klasické Apple Watch,100
176,funkcie,100
177,"Splňajú vsetko, co som od nich ocakavala, tak ako vzdy",100
178,"Nemusím pořád tahat mobil z kapsy, abych se podíval kolik je hodin.",100
179,Hodiny fungují bez problemů,60
180,Na baterce vydrží jeden den.,100
181,Apple,100
182,"Dobře vypadají,fungují jak mají.",100
183,"jsem spokojena, jsou to již druhé Apple Watch, předešlé SE, spokojenost",100
184,Vetsi obrazovka znamena lepsi rychly nahled,100
185,Povedený kousek elektroniky..nezbytná součást k produktům od Applu.. maximální spokojenost.. určitě doporučuji..,100
186,jasná kvalita a zpracování,80
187,Super,100
188,vše ok,100
189,super kvalita od  ,100
190,Hodinky super,100
191,"Velmi pěkné, kvalitní hodinky",100
192,Titanové tělo je lehké a zároveň pevné,100
193,Dárek pro syna a ten je z hodinek nadšený,100
194,Lepší než serie 8,80
195,Kvalita,100
196,Jas displeje na slunci,100
197,Hodinky peckovni.,100
198,Skvěle sedí pro ženy a děti,100
199,Apple Watch ma sprevádzajú už niekoľko generácii. Hodinky perfektne fungujú s iPhone a ich funkcie plnohodnotne spĺňajú všetko čo potrebujem,100
200,Oprava v autorizovaném servisu stojí stejně jako nové hodinky.,100
201,funguje dle očekávání,100
202,Povedený kousek elektroniky..nezbytná součást k produktům od Applu.. maximální spokojenost.. určitě doporučuji..,100
203,Splňuje všechna očekávání.,100
204,Super,100
205,Manželka spokojená po přechodu z modelu SE,100
206,"Proti předchozím výrazně větší aktivní část dipsleje, při podobných rozměrech",100
207,Používam len týždeň ale baterka mi vydrží celý deň. Vrátane spánku a cvičenia. Ráno nabijem na 100% okolo 8. Na budúci deň v rovnaký čas mám približne 40%.,100
208,Prostě Apple,100
209,Výdrž baterie,100
210,Krásně vypadají,100
211,Velmi dobry naramok,80
212,"Nemusím pořád tahat mobil z kapsy, abych se podíval kolik je hodin.",100
213,Hodiny fungují bez problemů,60
214,Na baterce vydrží jeden den.,100
215,Apple,100
216,"Dobře vypadají,fungují jak mají.",100
217,"jsem spokojena, jsou to již druhé Apple Watch, předešlé SE, spokojenost",100
218,Vetsi obrazovka znamena lepsi rychly nahled,100
219,jasná kvalita a zpracování,80
220,Super,100
221,vše ok,100
222,"Nechal jsem aplikovat ochrannou fólii, a hrůza druhý den se odlepila , takových lidi víc , co neumí udělat svou práci pořádně",20
223,super kvalita od  ,100
224,Hodinky super,100
225,"Velmi pěkné, kvalitní hodinky",100
226,Titanové tělo je lehké a zároveň pevné,100
227,Dárek pro syna a ten je z hodinek nadšený,100
228,Lepší než serie 8,80
229,Kvalita,100
230,Jas displeje na slunci,100
231,Hodinky peckovni.,100
232,Skvěle sedí pro ženy a děti,100
233,Apple Watch ma sprevádzajú už niekoľko generácii. Hodinky perfektne fungujú s iPhone a ich funkcie plnohodnotne spĺňajú všetko čo potrebujem,100
234,Oprava v autorizovaném servisu stojí stejně jako nové hodinky.,100
235,funguje dle očekávání,100
236,Vše funguje jak má,100
237,snadné ovládání ,100
238,Prijemne na noseni super design,100
239,Spokojenost,100
240,Přítelkyně je happy,100
241,Slabá výdrž batérie,100
242,"Přechod ze starších Apple Watch Series 6 na novou desítku nepřináší revoluci, ale několik drobných vylepšení, která ve výsledku potěší. Mezi hlavní výhody patří výrazně lepší displej – je jasnější a mnohem lépe čitelný i na přímém slunci, což je fajn zejména při sportu nebo běžném pohybu venku. Hodinky také působí na ruce příjemněji, jsou lehčí a ergonomicky lépe padnou. Oceňuji i mírně delší výdrž baterie, která bez problémů zvládne celý den aktivního používání. Celkový výkon je spolehlivý a plynulý – systém funguje bez záseků a senzory reagují přesně. Tradičně vysoká kvalita zpracování a prémiové materiály.",100
243,Nosim pořád,80
244,"Hodinky jsou super ale kdybych věděl, že je nelze nechat opravit tak abych neztratil záruku a zároveň měl jistotu, že zůstanou vodotěsné tak do toho nejdu. Oprava stojí cca 9500,-",100
245,Super,100
246,hodinky splnili očekávání.,100
247,Jsem spokojna,100
248,"zatím je mám krátce, ale fungují skvěle",80
249,Jsou skvělý,100
250,"Doporučuji, iOS",100
251,Velký displej. Hned spojeno s mobilem.,100
252,"Hodinky používám denně, zatím naprostá spokojenost. Ovládání je rychlé, propojení s iPhonem funguje skvěle. Design je elegantní a působí velmi prémiově. Výdrž baterie je možná trochu kratší, ale je možné, že se to ještě upraví podle používání.",100
253,"Přecházel jsem z APPLE Watch SE 44mm 1.generace. Takže pro mě to byl hodně velký skok. Vše na co jsem zvyklý a největší rozdíl je pro mě v displeji a ten v kombinaci s tenkým tělem hodinek vypadá hodně dobře. Navíc má krásný jas na přímém slunci a pozorovací úhly jsou taktéž velice dobré. Výdrž baterie je více jak jeden den, ale neřeším to, protože než se oholím a dám sprchu, tak jsou hodinky, vzhledem k rychlému nabíjení, zcela nabité. Varianta Jet black byla k mému černě titanovému iPhonu jasná volba, ale s tím přichází i fakt, že člověk musí holt dávat větší pozor, protože každý škrábanec zde půjde hodně vidět.",100
254,Podle očekávání OK,100
255,"Bez esim, bývali bychom koupili jiné, kdyby na to prodejce upozornil.",80
256,"Na mensi predlokti doporucuji 42mm…i na malem predlokti vypadaji skvele a zaroven je display dostatecne velky na vse, co potrebujete",100
257,"Supr, měl jsem šestky, ale tyto jsou o 100% lepší",100
258,Nejlepší hodinky pro běžné užívání,100
259,"Ačkoliv výdrž baterie je o něco lepší než u Series 6, od desáté generace bych očekávala větší skok kupředu – stále je nutné nabíjet každý den. Také mě mrzí omezené možnosti výběru řemínků při nákupu mimo oficiální Apple Store, což ztěžuje personalizaci podle vlastního vkusu.",100
260,Vetsi display nez predchozi model,100
261,Dobrý,100
262,Vše funguje jak má,100
263,"Nemusím pořád tahat mobil z kapsy, abych se podíval kolik je hodin.",100
264,Hodiny fungují bez problemů,60
265,Na baterce vydrží jeden den.,100
266,Apple,100
267,"Dobře vypadají,fungují jak mají.",100
268,"jsem spokojena, jsou to již druhé Apple Watch, předešlé SE, spokojenost",100
269,Vetsi obrazovka znamena lepsi rychly nahled,100
270,Povedený kousek elektroniky..nezbytná součást k produktům od Applu.. maximální spokojenost.. určitě doporučuji..,100
271,jasná kvalita a zpracování,80
272,Super,100
273,vše ok,100
274,"Nechal jsem aplikovat ochrannou fólii, a hrůza druhý den se odlepila , takových lidi víc , co neumí udělat svou práci pořádně",20
275,super kvalita od  ,100
276,Hodinky super,100
277,"Velmi pěkné, kvalitní hodinky",100
278,Titanové tělo je lehké a zároveň pevné,100
279,Dárek pro syna a ten je z hodinek nadšený,100
280,Lepší než serie 8,80
281,Kvalita,100
282,Jas displeje na slunci,100
283,Hodinky peckovni.,100
284,Skvěle sedí pro ženy a děti,100
285,Apple Watch ma sprevádzajú už niekoľko generácii. Hodinky perfektne fungujú s iPhone a ich funkcie plnohodnotne spĺňajú všetko čo potrebujem,100
286,Oprava v autorizovaném servisu stojí stejně jako nové hodinky.,100
287,funguje dle očekávání,100
288,Vše funguje jak má,100
289,snadné ovládání ,100
290,Prijemne na noseni super design,100
291,Spokojenost,100
292,Přítelkyně je happy,100
293,Splňuje všechna očekávání.,100
294,Super,100
295,Slabá výdrž batérie,100
296,"Přechod ze starších Apple Watch Series 6 na novou desítku nepřináší revoluci, ale několik drobných vylepšení, která ve výsledku potěší. Mezi hlavní výhody patří výrazně lepší displej – je jasnější a mnohem lépe čitelný i na přímém slunci, což je fajn zejména při sportu nebo běžném pohybu venku. Hodinky také působí na ruce příjemněji, jsou lehčí a ergonomicky lépe padnou. Oceňuji i mírně delší výdrž baterie, která bez problémů zvládne celý den aktivního používání. Celkový výkon je spolehlivý a plynulý – systém funguje bez záseků a senzory reagují přesně. Tradičně vysoká kvalita zpracování a prémiové materiály.",100
297,Nosim pořád,80
298,Presně podle očekávání a rychlé dodání,100
299,"Snadnější přístup k základním informacím - komunikace, počasí, upozornění atd...",100
300,Manželka spokojená po přechodu z modelu SE,100
301,Prostě Apple Watch. Kdo to jednou zkusí už nechce jinak. ,100
302,"Nemusím pořád tahat mobil z kapsy, abych se podíval kolik je hodin.",100
303,Hodiny fungují bez problemů,60
304,Na baterce vydrží jeden den.,100
305,Apple,100
306,"Dobře vypadají,fungují jak mají.",100
307,"jsem spokojena, jsou to již druhé Apple Watch, předešlé SE, spokojenost",100
308,Vetsi obrazovka znamena lepsi rychly nahled,100
309,Povedený kousek elektroniky..nezbytná součást k produktům od Applu.. maximální spokojenost.. určitě doporučuji..,100
310,jasná kvalita a zpracování,80
311,Super,100
312,vše ok,100
313,"Nechal jsem aplikovat ochrannou fólii, a hrůza druhý den se odlepila , takových lidi víc , co neumí udělat svou práci pořádně",20
314,super kvalita od  ,100
315,Hodinky super,100
316,"Velmi pěkné, kvalitní hodinky",100
317,Titanové tělo je lehké a zároveň pevné,100
318,Dárek pro syna a ten je z hodinek nadšený,100
319,Lepší než serie 8,80
320,Kvalita,100
321,Jas displeje na slunci,100
322,Hodinky peckovni.,100
323,Skvěle sedí pro ženy a děti,100
324,Apple Watch ma sprevádzajú už niekoľko generácii. Hodinky perfektne fungujú s iPhone a ich funkcie plnohodnotne spĺňajú všetko čo potrebujem,100
325,Oprava v autorizovaném servisu stojí stejně jako nové hodinky.,100
326,funguje dle očekávání,100
327,Vše funguje jak má,100
328,snadné ovládání ,100
329,Prijemne na noseni super design,100
330,Spokojenost,100
331,Přítelkyně je happy,100
332,Splňuje všechna očekávání.,100
333,Super,100
334,Slabá výdrž batérie,100
335,"Přechod ze starších Apple Watch Series 6 na novou desítku nepřináší revoluci, ale několik drobných vylepšení, která ve výsledku potěší. Mezi hlavní výhody patří výrazně lepší displej – je jasnější a mnohem lépe čitelný i na přímém slunci, což je fajn zejména při sportu nebo běžném pohybu venku. Hodinky také působí na ruce příjemněji, jsou lehčí a ergonomicky lépe padnou. Oceňuji i mírně delší výdrž baterie, která bez problémů zvládne celý den aktivního používání. Celkový výkon je spolehlivý a plynulý – systém funguje bez záseků a senzory reagují přesně. Tradičně vysoká kvalita zpracování a prémiové materiály.",100
336,Nosim pořád,80
337,Presně podle očekávání a rychlé dodání,100
338,"Snadnější přístup k základním informacím - komunikace, počasí, upozornění atd...",100
339,Manželka spokojená po přechodu z modelu SE,100
340,Prostě Apple Watch. Kdo to jednou zkusí už nechce jinak. ,100
341,"Hezčí, větší, rychlejší",100
342,Prostě apple,100
343,hodinky splnili očekávání.,100
344,Nic,100
345,"Měl jsem apple watch 6 a byly super, ale po koupi watch 10 je to něco jiného. Velký displek a na něm vše čtu bez brýlí. Zapomněl jsem zmínit že špatně vidím.",100
346,Píše sa síce že výdrž batérie je len 18 hodín ale je to za predpokladu že človek robí nejakú fyzickú aktivitu a počúva cez ne hudbu atď. Reálne mám skúsené na nabitie cca 52 hodín pri bežnom dni a sedavej robote. Je tam ešte aj viac nadstavení ktoré výdrž môžu predĺžiť ako napríklad režim nízkej spotreby.,100
347,Jsem spokojna,100
348,"zatím je mám krátce, ale fungují skvěle",80
349,Jsou skvělý,100
350,"Doporučuji, iOS",100
351,Velký displej. Hned spojeno s mobilem.,100
352,"Hodinky používám denně, zatím naprostá spokojenost. Ovládání je rychlé, propojení s iPhonem funguje skvěle. Design je elegantní a působí velmi prémiově. Výdrž baterie je možná trochu kratší, ale je možné, že se to ještě upraví podle používání.",100
353,"Přecházel jsem z APPLE Watch SE 44mm 1.generace. Takže pro mě to byl hodně velký skok. Vše na co jsem zvyklý a největší rozdíl je pro mě v displeji a ten v kombinaci s tenkým tělem hodinek vypadá hodně dobře. Navíc má krásný jas na přímém slunci a pozorovací úhly jsou taktéž velice dobré. Výdrž baterie je více jak jeden den, ale neřeším to, protože než se oholím a dám sprchu, tak jsou hodinky, vzhledem k rychlému nabíjení, zcela nabité. Varianta Jet black byla k mému černě titanovému iPhonu jasná volba, ale s tím přichází i fakt, že člověk musí holt dávat větší pozor, protože každý škrábanec zde půjde hodně vidět.",100
354,Podle očekávání OK,100
355,"Bez esim, bývali bychom koupili jiné, kdyby na to prodejce upozornil.",80
356,"Na mensi predlokti doporucuji 42mm…i na malem predlokti vypadaji skvele a zaroven je display dostatecne velky na vse, co potrebujete",100
357,"Hodinky jsou super ale kdybych věděl, že je nelze nechat opravit tak abych neztratil záruku a zároveň měl jistotu, že zůstanou vodotěsné tak do toho nejdu. Oprava stojí cca 9500,-",100
358,"Supr, měl jsem šestky, ale tyto jsou o 100% lepší",100
359,Nejlepší hodinky pro běžné užívání,100
360,Vše funguje jak má. Manželka je spokojená. :-),100
361,"Nemusím pořád tahat mobil z kapsy, abych se podíval kolik je hodin.",100
362,Hodiny fungují bez problemů,60
363,Na baterce vydrží jeden den.,100
364,Apple,100
365,"Dobře vypadají,fungují jak mají.",100
366,"jsem spokojena, jsou to již druhé Apple Watch, předešlé SE, spokojenost",100
367,Vetsi obrazovka znamena lepsi rychly nahled,100
368,Povedený kousek elektroniky..nezbytná součást k produktům od Applu.. maximální spokojenost.. určitě doporučuji..,100
369,jasná kvalita a zpracování,80
370,Super,100
371,vše ok,100
372,"Nechal jsem aplikovat ochrannou fólii, a hrůza druhý den se odlepila , takových lidi víc , co neumí udělat svou práci pořádně",20
373,super kvalita od  ,100
374,Hodinky super,100
375,"Velmi pěkné, kvalitní hodinky",100
376,Titanové tělo je lehké a zároveň pevné,100
377,Dárek pro syna a ten je z hodinek nadšený,100
378,Lepší než serie 8,80
379,Kvalita,100
380,Jas displeje na slunci,100
381,Hodinky peckovni.,100
382,Skvěle sedí pro ženy a děti,100
383,Apple Watch ma sprevádzajú už niekoľko generácii. Hodinky perfektne fungujú s iPhone a ich funkcie plnohodnotne spĺňajú všetko čo potrebujem,100
384,Oprava v autorizovaném servisu stojí stejně jako nové hodinky.,100
385,funguje dle očekávání,100
386,Vše funguje jak má,100
387,snadné ovládání ,100
388,Prijemne na noseni super design,100
389,Spokojenost,100
390,Přítelkyně je happy,100
391,Splňuje všechna očekávání.,100
392,Super,100
393,Slabá výdrž batérie,100
394,"Přechod ze starších Apple Watch Series 6 na novou desítku nepřináší revoluci, ale několik drobných vylepšení, která ve výsledku potěší. Mezi hlavní výhody patří výrazně lepší displej – je jasnější a mnohem lépe čitelný i na přímém slunci, což je fajn zejména při sportu nebo běžném pohybu venku. Hodinky také působí na ruce příjemněji, jsou lehčí a ergonomicky lépe padnou. Oceňuji i mírně delší výdrž baterie, která bez problémů zvládne celý den aktivního používání. Celkový výkon je spolehlivý a plynulý – systém funguje bez záseků a senzory reagují přesně. Tradičně vysoká kvalita zpracování a prémiové materiály.",100
395,Nosim pořád,80
396,Presně podle očekávání a rychlé dodání,100
397,"Snadnější přístup k základním informacím - komunikace, počasí, upozornění atd...",100
398,Manželka spokojená po přechodu z modelu SE,100
399,Prostě Apple Watch. Kdo to jednou zkusí už nechce jinak. ,100
400,"Hezčí, větší, rychlejší",100
401,"Supr, měl jsem šestky, ale tyto jsou o 100% lepší",100
402,hodinky splnili očekávání.,100
403,Jsem spokojna,100
404,"zatím je mám krátce, ale fungují skvěle",80
405,Jsou skvělý,100
406,"Doporučuji, iOS",100
407,Velký displej. Hned spojeno s mobilem.,100
408,"Hodinky používám denně, zatím naprostá spokojenost. Ovládání je rychlé, propojení s iPhonem funguje skvěle. Design je elegantní a působí velmi prémiově. Výdrž baterie je možná trochu kratší, ale je možné, že se to ještě upraví podle používání.",100
409,"Přecházel jsem z APPLE Watch SE 44mm 1.generace. Takže pro mě to byl hodně velký skok. Vše na co jsem zvyklý a největší rozdíl je pro mě v displeji a ten v kombinaci s tenkým tělem hodinek vypadá hodně dobře. Navíc má krásný jas na přímém slunci a pozorovací úhly jsou taktéž velice dobré. Výdrž baterie je více jak jeden den, ale neřeším to, protože než se oholím a dám sprchu, tak jsou hodinky, vzhledem k rychlému nabíjení, zcela nabité. Varianta Jet black byla k mému černě titanovému iPhonu jasná volba, ale s tím přichází i fakt, že člověk musí holt dávat větší pozor, protože každý škrábanec zde půjde hodně vidět.",100
410,Podle očekávání OK,100
411,"Bez esim, bývali bychom koupili jiné, kdyby na to prodejce upozornil.",80
412,"Na mensi predlokti doporucuji 42mm…i na malem predlokti vypadaji skvele a zaroven je display dostatecne velky na vse, co potrebujete",100
413,"Hodinky jsou super ale kdybych věděl, že je nelze nechat opravit tak abych neztratil záruku a zároveň měl jistotu, že zůstanou vodotěsné tak do toho nejdu. Oprava stojí cca 9500,-",100
414,Nejlepší hodinky pro běžné užívání,100
415,"Ačkoliv výdrž baterie je o něco lepší než u Series 6, od desáté generace bych očekávala větší skok kupředu – stále je nutné nabíjet každý den. Také mě mrzí omezené možnosti výběru řemínků při nákupu mimo oficiální Apple Store, což ztěžuje personalizaci podle vlastního vkusu.",100
416,Vetsi display nez predchozi model,100
417,"Nemusím pořád tahat mobil z kapsy, abych se podíval kolik je hodin.",100
418,Hodiny fungují bez problemů,60
419,Na baterce vydrží jeden den.,100
420,Apple,100
421,"Dobře vypadají,fungují jak mají.",100
422,"jsem spokojena, jsou to již druhé Apple Watch, předešlé SE, spokojenost",100
423,Vetsi obrazovka znamena lepsi rychly nahled,100
424,Povedený kousek elektroniky..nezbytná součást k produktům od Applu.. maximální spokojenost.. určitě doporučuji..,100
425,jasná kvalita a zpracování,80
426,Super,100
427,vše ok,100
428,"Nechal jsem aplikovat ochrannou fólii, a hrůza druhý den se odlepila , takových lidi víc , co neumí udělat svou práci pořádně",20
429,super kvalita od  ,100
430,Hodinky super,100
431,"Velmi pěkné, kvalitní hodinky",100
432,Titanové tělo je lehké a zároveň pevné,100
433,Dárek pro syna a ten je z hodinek nadšený,100
434,Lepší než serie 8,80
435,Kvalita,100
436,Jas displeje na slunci,100
437,Hodinky peckovni.,100
438,Skvěle sedí pro ženy a děti,100
439,Apple Watch ma sprevádzajú už niekoľko generácii. Hodinky perfektne fungujú s iPhone a ich funkcie plnohodnotne spĺňajú všetko čo potrebujem,100
440,Oprava v autorizovaném servisu stojí stejně jako nové hodinky.,100
441,funguje dle očekávání,100
442,Vše funguje jak má,100
443,snadné ovládání ,100
444,Prijemne na noseni super design,100
445,Spokojenost,100
446,Přítelkyně je happy,100
447,Splňuje všechna očekávání.,100
448,Super,100
449,"Nemusím pořád tahat mobil z kapsy, abych se podíval kolik je hodin.",100
450,Hodiny fungují bez problemů,60
451,Na baterce vydrží jeden den.,100
452,Apple,100
453,"Dobře vypadají,fungují jak mají.",100
454,"jsem spokojena, jsou to již druhé Apple Watch, předešlé SE, spokojenost",100
455,Vetsi obrazovka znamena lepsi rychly nahled,100
456,Povedený kousek elektroniky..nezbytná součást k produktům od Applu.. maximální spokojenost.. určitě doporučuji..,100
457,jasná kvalita a zpracování,80
458,Super,100
459,vše ok,100
460,"Nechal jsem aplikovat ochrannou fólii, a hrůza druhý den se odlepila , takových lidi víc , co neumí udělat svou práci pořádně",20
461,super kvalita od  ,100
462,Hodinky super,100
463,"Velmi pěkné, kvalitní hodinky",100
464,Titanové tělo je lehké a zároveň pevné,100
465,Dárek pro syna a ten je z hodinek nadšený,100
466,Lepší než serie 8,80
467,Kvalita,100
468,Jas displeje na slunci,100
469,Hodinky peckovni.,100
470,Skvěle sedí pro ženy a děti,100
471,Apple Watch ma sprevádzajú už niekoľko generácii. Hodinky perfektne fungujú s iPhone a ich funkcie plnohodnotne spĺňajú všetko čo potrebujem,100
472,Oprava v autorizovaném servisu stojí stejně jako nové hodinky.,100
473,funguje dle očekávání,100
474,Vše funguje jak má,100
475,snadné ovládání ,100
476,Prijemne na noseni super design,100
477,Spokojenost,100
478,Přítelkyně je happy,100
479,Splňuje všechna očekávání.,100
480,Super,100
481,"Nemusím pořád tahat mobil z kapsy, abych se podíval kolik je hodin.",100
482,Hodiny fungují bez problemů,60
483,Na baterce vydrží jeden den.,100
484,Apple,100
485,"Dobře vypadají,fungují jak mají.",100
486,"jsem spokojena, jsou to již druhé Apple Watch, předešlé SE, spokojenost",100
487,Vetsi obrazovka znamena lepsi rychly nahled,100
488,Povedený kousek elektroniky..nezbytná součást k produktům od Applu.. maximální spokojenost.. určitě doporučuji..,100
489,jasná kvalita a zpracování,80
490,Super,100
491,vše ok,100
492,"Nechal jsem aplikovat ochrannou fólii, a hrůza druhý den se odlepila , takových lidi víc , co neumí udělat svou práci pořádně",20
493,super kvalita od  ,100
494,Hodinky super,100
495,"Velmi pěkné, kvalitní hodinky",100
496,Titanové tělo je lehké a zároveň pevné,100
497,Dárek pro syna a ten je z hodinek nadšený,100
498,Lepší než serie 8,80
499,Kvalita,100
500,Jas displeje na slunci,100
501,Hodinky peckovni.,100
502,Skvěle sedí pro ženy a děti,100
503,Apple Watch ma sprevádzajú už niekoľko generácii. Hodinky perfektne fungujú s iPhone a ich funkcie plnohodnotne spĺňajú všetko čo potrebujem,100
504,Oprava v autorizovaném servisu stojí stejně jako nové hodinky.,100
505,funguje dle očekávání,100
506,Vše funguje jak má,100
507,snadné ovládání ,100
508,Prijemne na noseni super design,100
509,Spokojenost,100
510,Přítelkyně je happy,100
511,Splňuje všechna očekávání.,100
512,Super,100
513,Slabá výdrž batérie,100
514,"Přechod ze starších Apple Watch Series 6 na novou desítku nepřináší revoluci, ale několik drobných vylepšení, která ve výsledku potěší. Mezi hlavní výhody patří výrazně lepší displej – je jasnější a mnohem lépe čitelný i na přímém slunci, což je fajn zejména při sportu nebo běžném pohybu venku. Hodinky také působí na ruce příjemněji, jsou lehčí a ergonomicky lépe padnou. Oceňuji i mírně delší výdrž baterie, která bez problémů zvládne celý den aktivního používání. Celkový výkon je spolehlivý a plynulý – systém funguje bez záseků a senzory reagují přesně. Tradičně vysoká kvalita zpracování a prémiové materiály.",100
515,Nosim pořád,80
516,Presně podle očekávání a rychlé dodání,100
517,"Snadnější přístup k základním informacím - komunikace, počasí, upozornění atd...",100
518,Manželka spokojená po přechodu z modelu SE,100
519,Prostě Apple Watch. Kdo to jednou zkusí už nechce jinak. ,100
520,"Hezčí, větší, rychlejší",100
521,Prostě apple,100
522,"Velmi pěkné, kvalitní hodinky",100
523,Pěkný displej,80
524,Naprosto nadherný premiový vzhled,100
525,"Nemusím pořád tahat mobil z kapsy, abych se podíval kolik je hodin.",100
526,Hodiny fungují bez problemů,60
527,Na baterce vydrží jeden den.,100
528,Apple,100
529,"Dobře vypadají,fungují jak mají.",100
530,"jsem spokojena, jsou to již druhé Apple Watch, předešlé SE, spokojenost",100
531,Vetsi obrazovka znamena lepsi rychly nahled,100
532,Povedený kousek elektroniky..nezbytná součást k produktům od Applu.. maximální spokojenost.. určitě doporučuji..,100
533,jasná kvalita a zpracování,80
534,Super,100
535,vše ok,100
536,"Nechal jsem aplikovat ochrannou fólii, a hrůza druhý den se odlepila , takových lidi víc , co neumí udělat svou práci pořádně",20
537,super kvalita od  ,100
538,Hodinky super,100
539,Titanové tělo je lehké a zároveň pevné,100
540,Dárek pro syna a ten je z hodinek nadšený,100
541,Lepší než serie 8,80
542,Kvalita,100
543,Jas displeje na slunci,100
544,Hodinky peckovni.,100
545,Skvěle sedí pro ženy a děti,100
546,Apple Watch ma sprevádzajú už niekoľko generácii. Hodinky perfektne fungujú s iPhone a ich funkcie plnohodnotne spĺňajú všetko čo potrebujem,100
547,Oprava v autorizovaném servisu stojí stejně jako nové hodinky.,100
548,funguje dle očekávání,100
549,Vše funguje jak má,100
550,snadné ovládání ,100
551,Prijemne na noseni super design,100
552,Spokojenost,100
553,Přítelkyně je happy,100
554,"Nemusím pořád tahat mobil z kapsy, abych se podíval kolik je hodin.",100
555,Hodiny fungují bez problemů,60
556,Na baterce vydrží jeden den.,100
557,Apple,100
558,"Dobře vypadají,fungují jak mají.",100
559,"jsem spokojena, jsou to již druhé Apple Watch, předešlé SE, spokojenost",100
560,Vetsi obrazovka znamena lepsi rychly nahled,100
561,Povedený kousek elektroniky..nezbytná součást k produktům od Applu.. maximální spokojenost.. určitě doporučuji..,100
562,jasná kvalita a zpracování,80
563,Super,100
564,vše ok,100
565,"Nechal jsem aplikovat ochrannou fólii, a hrůza druhý den se odlepila , takových lidi víc , co neumí udělat svou práci pořádně",20
566,super kvalita od  ,100
567,Hodinky super,100
568,"Velmi pěkné, kvalitní hodinky",100
569,Titanové tělo je lehké a zároveň pevné,100
570,Dárek pro syna a ten je z hodinek nadšený,100
571,Lepší než serie 8,80
572,Kvalita,100
573,Jas displeje na slunci,100
574,Hodinky peckovni.,100
575,Skvěle sedí pro ženy a děti,100
576,Apple Watch ma sprevádzajú už niekoľko generácii. Hodinky perfektne fungujú s iPhone a ich funkcie plnohodnotne spĺňajú všetko čo potrebujem,100
577,Oprava v autorizovaném servisu stojí stejně jako nové hodinky.,100
578,funguje dle očekávání,100
579,Vše funguje jak má,100
580,snadné ovládání ,100
581,Prijemne na noseni super design,100
582,Spokojenost,100
583,Přítelkyně je happy,100
584,Splňuje všechna očekávání.,100
585,Super,100
586,Slabá výdrž batérie,100
587,"Přechod ze starších Apple Watch Series 6 na novou desítku nepřináší revoluci, ale několik drobných vylepšení, která ve výsledku potěší. Mezi hlavní výhody patří výrazně lepší displej – je jasnější a mnohem lépe čitelný i na přímém slunci, což je fajn zejména při sportu nebo běžném pohybu venku. Hodinky také působí na ruce příjemněji, jsou lehčí a ergonomicky lépe padnou. Oceňuji i mírně delší výdrž baterie, která bez problémů zvládne celý den aktivního používání. Celkový výkon je spolehlivý a plynulý – systém funguje bez záseků a senzory reagují přesně. Tradičně vysoká kvalita zpracování a prémiové materiály.",100
588,Nosim pořád,80
589,Presně podle očekávání a rychlé dodání,100
590,"Snadnější přístup k základním informacím - komunikace, počasí, upozornění atd...",100
591,Manželka spokojená po přechodu z modelu SE,100
592,Prostě Apple Watch. Kdo to jednou zkusí už nechce jinak. ,100
593,"Hezčí, větší, rychlejší",100
594,Prostě apple,100
595,Vysoká odolnosť oproti hliníkovým modelom,100
596,"Nemusím pořád tahat mobil z kapsy, abych se podíval kolik je hodin.",100
597,Hodiny fungují bez problemů,60
598,Na baterce vydrží jeden den.,100
599,Apple,100
600,"Dobře vypadají,fungují jak mají.",100
601,"jsem spokojena, jsou to již druhé Apple Watch, předešlé SE, spokojenost",100
602,Vetsi obrazovka znamena lepsi rychly nahled,100
603,Povedený kousek elektroniky..nezbytná součást k produktům od Applu.. maximální spokojenost.. určitě doporučuji..,100
604,jasná kvalita a zpracování,80
605,Super,100
606,vše ok,100
607,"Nechal jsem aplikovat ochrannou fólii, a hrůza druhý den se odlepila , takových lidi víc , co neumí udělat svou práci pořádně",20
608,super kvalita od  ,100
609,Hodinky super,100
610,"Velmi pěkné, kvalitní hodinky",100
611,Titanové tělo je lehké a zároveň pevné,100
612,Dárek pro syna a ten je z hodinek nadšený,100
613,Lepší než serie 8,80
614,Kvalita,100
615,Jas displeje na slunci,100
616,Hodinky peckovni.,100
617,Skvěle sedí pro ženy a děti,100
618,Apple Watch ma sprevádzajú už niekoľko generácii. Hodinky perfektne fungujú s iPhone a ich funkcie plnohodnotne spĺňajú všetko čo potrebujem,100
619,Oprava v autorizovaném servisu stojí stejně jako nové hodinky.,100
620,funguje dle očekávání,100
621,Vše funguje jak má,100
622,snadné ovládání ,100
623,Prijemne na noseni super design,100
624,Spokojenost,100
625,Přítelkyně je happy,100
626,Splňuje všechna očekávání.,100
627,"Nemusím pořád tahat mobil z kapsy, abych se podíval kolik je hodin.",100
628,Hodiny fungují bez problemů,60
629,Na baterce vydrží jeden den.,100
630,Apple,100
631,"Dobře vypadají,fungují jak mají.",100
632,"jsem spokojena, jsou to již druhé Apple Watch, předešlé SE, spokojenost",100
633,Vetsi obrazovka znamena lepsi rychly nahled,100
634,Povedený kousek elektroniky..nezbytná součást k produktům od Applu.. maximální spokojenost.. určitě doporučuji..,100
635,jasná kvalita a zpracování,80
636,Super,100
637,vše ok,100
638,"Nechal jsem aplikovat ochrannou fólii, a hrůza druhý den se odlepila , takových lidi víc , co neumí udělat svou práci pořádně",20
639,super kvalita od  ,100
640,Hodinky super,100
641,"Velmi pěkné, kvalitní hodinky",100
642,Titanové tělo je lehké a zároveň pevné,100
643,Dárek pro syna a ten je z hodinek nadšený,100
644,Lepší než serie 8,80
645,Kvalita,100
646,Jas displeje na slunci,100
647,Hodinky peckovni.,100
648,Skvěle sedí pro ženy a děti,100
649,Apple Watch ma sprevádzajú už niekoľko generácii. Hodinky perfektne fungujú s iPhone a ich funkcie plnohodnotne spĺňajú všetko čo potrebujem,100
650,Oprava v autorizovaném servisu stojí stejně jako nové hodinky.,100
651,funguje dle očekávání,100
652,Vše funguje jak má,100
653,snadné ovládání ,100
654,Prijemne na noseni super design,100
655,Spokojenost,100
656,Přítelkyně je happy,100
657,Splňuje všechna očekávání.,100
658,Super,100
659,Slabá výdrž batérie,100
660,"Přechod ze starších Apple Watch Series 6 na novou desítku nepřináší revoluci, ale několik drobných vylepšení, která ve výsledku potěší. Mezi hlavní výhody patří výrazně lepší displej – je jasnější a mnohem lépe čitelný i na přímém slunci, což je fajn zejména při sportu nebo běžném pohybu venku. Hodinky také působí na ruce příjemněji, jsou lehčí a ergonomicky lépe padnou. Oceňuji i mírně delší výdrž baterie, která bez problémů zvládne celý den aktivního používání. Celkový výkon je spolehlivý a plynulý – systém funguje bez záseků a senzory reagují přesně. Tradičně vysoká kvalita zpracování a prémiové materiály.",100
661,Nosim pořád,80
662,Presně podle očekávání a rychlé dodání,100
663,"Snadnější přístup k základním informacím - komunikace, počasí, upozornění atd...",100
664,Manželka spokojená po přechodu z modelu SE,100
665,Prostě Apple Watch. Kdo to jednou zkusí už nechce jinak. ,100
666,"Hezčí, větší, rychlejší",100
667,Prostě apple,100
668,Zatím čekám až se předchozí majitel uráčí smazat svoje Apple ID,40
669,Povedený kousek,80
670,Perfektní,100
671,"Proti předchozím výrazně větší aktivní část dipsleje, při podobných rozměrech",100
672,splnilo očekávání,100
673,Používam len týždeň ale baterka mi vydrží celý deň. Vrátane spánku a cvičenia. Ráno nabijem na 100% okolo 8. Na budúci deň v rovnaký čas mám približne 40%.,100
674,Hodinky jsou velmi dobře zpravované.,100
675,vše ok,100
676,"Lehke, praktictejsi pro bezne noseni nez ultra watch",100
677,kvalitne spracovanie,60
678,"Nemusím pořád tahat mobil z kapsy, abych se podíval kolik je hodin.",100
679,Hodiny fungují bez problemů,60
680,Na baterce vydrží jeden den.,100
681,Apple,100
682,"Dobře vypadají,fungují jak mají.",100
683,"jsem spokojena, jsou to již druhé Apple Watch, předešlé SE, spokojenost",100
684,Vetsi obrazovka znamena lepsi rychly nahled,100
685,Povedený kousek elektroniky..nezbytná součást k produktům od Applu.. maximální spokojenost.. určitě doporučuji..,100
686,jasná kvalita a zpracování,80
687,Super,100
688,"Nechal jsem aplikovat ochrannou fólii, a hrůza druhý den se odlepila , takových lidi víc , co neumí udělat svou práci pořádně",20
689,super kvalita od  ,100
690,Hodinky super,100
691,"Velmi pěkné, kvalitní hodinky",100
692,Titanové tělo je lehké a zároveň pevné,100
693,Dárek pro syna a ten je z hodinek nadšený,100
694,Lepší než serie 8,80
695,Kvalita,100
696,Jas displeje na slunci,100
697,Hodinky peckovni.,100
698,Skvěle sedí pro ženy a děti,100
699,Apple Watch ma sprevádzajú už niekoľko generácii. Hodinky perfektne fungujú s iPhone a ich funkcie plnohodnotne spĺňajú všetko čo potrebujem,100
700,Oprava v autorizovaném servisu stojí stejně jako nové hodinky.,100
701,funguje dle očekávání,100
702,Vše funguje jak má,100
703,snadné ovládání ,100
704,Prijemne na noseni super design,100
705,Spokojenost,100
706,Přítelkyně je happy,100
707,Splňuje všechna očekávání.,100
708,Super,100
709,Slabá výdrž batérie,100
710,"Přechod ze starších Apple Watch Series 6 na novou desítku nepřináší revoluci, ale několik drobných vylepšení, která ve výsledku potěší. Mezi hlavní výhody patří výrazně lepší displej – je jasnější a mnohem lépe čitelný i na přímém slunci, což je fajn zejména při sportu nebo běžném pohybu venku. Hodinky také působí na ruce příjemněji, jsou lehčí a ergonomicky lépe padnou. Oceňuji i mírně delší výdrž baterie, která bez problémů zvládne celý den aktivního používání. Celkový výkon je spolehlivý a plynulý – systém funguje bez záseků a senzory reagují přesně. Tradičně vysoká kvalita zpracování a prémiové materiály.",100
711,Nosim pořád,80
712,Presně podle očekávání a rychlé dodání,100
713,"Snadnější přístup k základním informacím - komunikace, počasí, upozornění atd...",100
714,Manželka spokojená po přechodu z modelu SE,100
715,Prostě Apple Watch. Kdo to jednou zkusí už nechce jinak. ,100
716,"Nemusím pořád tahat mobil z kapsy, abych se podíval kolik je hodin.",100
717,Hodiny fungují bez problemů,60
718,Na baterce vydrží jeden den.,100
719,Apple,100
720,"Dobře vypadají,fungují jak mají.",100
721,"jsem spokojena, jsou to již druhé Apple Watch, předešlé SE, spokojenost",100
722,Vetsi obrazovka znamena lepsi rychly nahled,100
723,Povedený kousek elektroniky..nezbytná součást k produktům od Applu.. maximální spokojenost.. určitě doporučuji..,100
724,jasná kvalita a zpracování,80
725,Super,100
726,vše ok,100
727,"Nechal jsem aplikovat ochrannou fólii, a hrůza druhý den se odlepila , takových lidi víc , co neumí udělat svou práci pořádně",20
728,super kvalita od  ,100
729,Hodinky super,100
730,"Velmi pěkné, kvalitní hodinky",100
731,Titanové tělo je lehké a zároveň pevné,100
732,Dárek pro syna a ten je z hodinek nadšený,100
733,Lepší než serie 8,80
734,Kvalita,100
735,Jas displeje na slunci,100
736,Hodinky peckovni.,100
737,Skvěle sedí pro ženy a děti,100
738,Apple Watch ma sprevádzajú už niekoľko generácii. Hodinky perfektne fungujú s iPhone a ich funkcie plnohodnotne spĺňajú všetko čo potrebujem,100
739,Oprava v autorizovaném servisu stojí stejně jako nové hodinky.,100
740,funguje dle očekávání,100
741,Vše funguje jak má,100
742,snadné ovládání ,100
743,Prijemne na noseni super design,100
744,Spokojenost,100
745,Přítelkyně je happy,100
746,Splňuje všechna očekávání.,100
747,Super,100
748,Slabá výdrž batérie,100
749,"Přechod ze starších Apple Watch Series 6 na novou desítku nepřináší revoluci, ale několik drobných vylepšení, která ve výsledku potěší. Mezi hlavní výhody patří výrazně lepší displej – je jasnější a mnohem lépe čitelný i na přímém slunci, což je fajn zejména při sportu nebo běžném pohybu venku. Hodinky také působí na ruce příjemněji, jsou lehčí a ergonomicky lépe padnou. Oceňuji i mírně delší výdrž baterie, která bez problémů zvládne celý den aktivního používání. Celkový výkon je spolehlivý a plynulý – systém funguje bez záseků a senzory reagují přesně. Tradičně vysoká kvalita zpracování a prémiové materiály.",100
750,Nosim pořád,80
751,Presně podle očekávání a rychlé dodání,100
752,"Snadnější přístup k základním informacím - komunikace, počasí, upozornění atd...",100
753,Manželka spokojená po přechodu z modelu SE,100
754,Prostě Apple Watch. Kdo to jednou zkusí už nechce jinak. ,100
755,"Hezčí, větší, rychlejší",100
756,Prostě apple,100
757,Nejlepší hodinky pro běžné užívání,100
758,Vetsi display nez predchozi model,100
759,"Pěkné hodinky
",100
760,"nemajú chybu, spĺňajú všetko čo som od nich očakával",100
761,hodinky splnili očekávání.,100
762,Jsem spokojna,100
763,"zatím je mám krátce, ale fungují skvěle",80
764,Jsou skvělý,100
765,"Doporučuji, iOS",100
766,Velký displej. Hned spojeno s mobilem.,100
767,"Hodinky používám denně, zatím naprostá spokojenost. Ovládání je rychlé, propojení s iPhonem funguje skvěle. Design je elegantní a působí velmi prémiově. Výdrž baterie je možná trochu kratší, ale je možné, že se to ještě upraví podle používání.",100
768,"Přecházel jsem z APPLE Watch SE 44mm 1.generace. Takže pro mě to byl hodně velký skok. Vše na co jsem zvyklý a největší rozdíl je pro mě v displeji a ten v kombinaci s tenkým tělem hodinek vypadá hodně dobře. Navíc má krásný jas na přímém slunci a pozorovací úhly jsou taktéž velice dobré. Výdrž baterie je více jak jeden den, ale neřeším to, protože než se oholím a dám sprchu, tak jsou hodinky, vzhledem k rychlému nabíjení, zcela nabité. Varianta Jet black byla k mému černě titanovému iPhonu jasná volba, ale s tím přichází i fakt, že člověk musí holt dávat větší pozor, protože každý škrábanec zde půjde hodně vidět.",100
769,Podle očekávání OK,100
770,"Bez esim, bývali bychom koupili jiné, kdyby na to prodejce upozornil.",80
771,"Na mensi predlokti doporucuji 42mm…i na malem predlokti vypadaji skvele a zaroven je display dostatecne velky na vse, co potrebujete",100
772,"Hodinky jsou super ale kdybych věděl, že je nelze nechat opravit tak abych neztratil záruku a zároveň měl jistotu, že zůstanou vodotěsné tak do toho nejdu. Oprava stojí cca 9500,-",100
773,"Supr, měl jsem šestky, ale tyto jsou o 100% lepší",100
774,"Ačkoliv výdrž baterie je o něco lepší než u Series 6, od desáté generace bych očekávala větší skok kupředu – stále je nutné nabíjet každý den. Také mě mrzí omezené možnosti výběru řemínků při nákupu mimo oficiální Apple Store, což ztěžuje personalizaci podle vlastního vkusu.",100
775,Vetsi obrazovka znamena lepsi rychly nahled,100
776,Super,100
777,Jas displeje na slunci,100
778,Apple Watch ma sprevádzajú už niekoľko generácii. Hodinky perfektne fungujú s iPhone a ich funkcie plnohodnotne spĺňajú všetko čo potrebujem,100
779,design,100
780,"Na internetu se psalo, že hodinky nemají měření saturace krvinek kyslíkem v krvi, ale má. Baterie zatím drží téměř 2 dny, což je super.",100
781,Prodloužená ruka telefonu,80
782,"Přesně sedí na ruce, trošku náročné na ovládání,",100
783,vzhled,100
784,Tenčí a větší display,100
785,Pořád nejlepší chytré hodinky pro iPhone,100
786,Nový štíhlejší design s větším displayem lépe padne na ruku,100
787,Jako dlouholetý uživatel Apple hodnotím kladně,100
788,Delší vydrž baterie než u starších modelu,80
789,Je to proste Apple,100
790,Výdrž batérie,100
791,watchOS,40
792,Velky displej,100
793,"super, kto má jablko",100
794,"Nemusím pořád tahat mobil z kapsy, abych se podíval kolik je hodin.",100
795,Hodiny fungují bez problemů,60
796,Na baterce vydrží jeden den.,100
797,Apple,100
798,"Dobře vypadají,fungují jak mají.",100
799,"jsem spokojena, jsou to již druhé Apple Watch, předešlé SE, spokojenost",100
800,Povedený kousek elektroniky..nezbytná součást k produktům od Applu.. maximální spokojenost.. určitě doporučuji..,100
801,jasná kvalita a zpracování,80
802,vše ok,100
803,"Nechal jsem aplikovat ochrannou fólii, a hrůza druhý den se odlepila , takových lidi víc , co neumí udělat svou práci pořádně",20
804,super kvalita od  ,100
805,Hodinky super,100
806,"Velmi pěkné, kvalitní hodinky",100
807,Titanové tělo je lehké a zároveň pevné,100
808,Dárek pro syna a ten je z hodinek nadšený,100
809,Lepší než serie 8,80
810,Kvalita,100
811,Hodinky peckovni.,100
812,Skvěle sedí pro ženy a děti,100
813,Oprava v autorizovaném servisu stojí stejně jako nové hodinky.,100
814,funguje dle očekávání,100
815,Vše funguje jak má,100
816,snadné ovládání ,100
817,"Nemusím pořád tahat mobil z kapsy, abych se podíval kolik je hodin.",100
818,Hodiny fungují bez problemů,60
819,Na baterce vydrží jeden den.,100
820,Apple,100
821,"Dobře vypadají,fungují jak mají.",100
822,"jsem spokojena, jsou to již druhé Apple Watch, předešlé SE, spokojenost",100
823,Vetsi obrazovka znamena lepsi rychly nahled,100
824,Povedený kousek elektroniky..nezbytná součást k produktům od Applu.. maximální spokojenost.. určitě doporučuji..,100
825,jasná kvalita a zpracování,80
826,Super,100
827,vše ok,100
828,"Nechal jsem aplikovat ochrannou fólii, a hrůza druhý den se odlepila , takových lidi víc , co neumí udělat svou práci pořádně",20
829,super kvalita od  ,100
830,Hodinky super,100
831,"Velmi pěkné, kvalitní hodinky",100
832,Titanové tělo je lehké a zároveň pevné,100
833,Dárek pro syna a ten je z hodinek nadšený,100
834,Lepší než serie 8,80
835,Kvalita,100
836,Jas displeje na slunci,100
837,Hodinky peckovni.,100
838,Skvěle sedí pro ženy a děti,100
839,Apple Watch ma sprevádzajú už niekoľko generácii. Hodinky perfektne fungujú s iPhone a ich funkcie plnohodnotne spĺňajú všetko čo potrebujem,100
840,Oprava v autorizovaném servisu stojí stejně jako nové hodinky.,100
841,funguje dle očekávání,100
842,Vše funguje jak má,100
843,snadné ovládání ,100
844,Prijemne na noseni super design,100
845,Spokojenost,100
846,Přítelkyně je happy,100
847,Splňuje všechna očekávání.,100
848,Super,100
849,Slabá výdrž batérie,100
850,"Přechod ze starších Apple Watch Series 6 na novou desítku nepřináší revoluci, ale několik drobných vylepšení, která ve výsledku potěší. Mezi hlavní výhody patří výrazně lepší displej – je jasnější a mnohem lépe čitelný i na přímém slunci, což je fajn zejména při sportu nebo běžném pohybu venku. Hodinky také působí na ruce příjemněji, jsou lehčí a ergonomicky lépe padnou. Oceňuji i mírně delší výdrž baterie, která bez problémů zvládne celý den aktivního používání. Celkový výkon je spolehlivý a plynulý – systém funguje bez záseků a senzory reagují přesně. Tradičně vysoká kvalita zpracování a prémiové materiály.",100
851,Nosim pořád,80
852,Presně podle očekávání a rychlé dodání,100
853,"Snadnější přístup k základním informacím - komunikace, počasí, upozornění atd...",100
854,Manželka spokojená po přechodu z modelu SE,100
855,Prostě Apple Watch. Kdo to jednou zkusí už nechce jinak. ,100
856,"Hezčí, větší, rychlejší",100
857,Prostě apple,100
